Year,stock_vehicles,inflow_vehicles,outflow_vehicles,stock_change_vehicles,stock_machinery,inflow_machinery,outflow_machinery,stock_change_machinery,stock_BC,inflow_BC,outflow_BC,stock_change_BC,stock_appliances,inflow_appliances,outflow_appliances,stock_change_appliances,total_inflow,total_outflow,total_stock,scrap_collection_rate,scrap_supply,primary_steel_needed
2022,3923881403.945464,229304895.48001212,158245529.1644613,71059366.31555128,9176509060.035915,464746740.19940865,177581539.83020964,287165200.36919785,20590483349.11662,526478903.7988917,113149609.83132547,413329293.9675636,2410142730.7111616,186485089.41102976,127487182.49218203,58997906.91884804,1407015628.8893423,576463861.3181785,36101016543.80916,0.7,576463861.3181785,830551767.5711638
2023,3995511538.2458286,233057876.85491,161427742.55454475,71630134.3003645,9467704883.960396,475795010.757739,184599186.83325997,291195823.92448044,21007348574.7155,533091737.1719361,116226511.57305922,416865225.59888077,2469784698.0759716,190618965.85490876,130976998.49009869,59641967.36480999,1432563590.6394937,593230439.4509627,36940349694.997696,0.7039520075180951,593230439.4509627,839333151.188531
2024,4067690188.415959,236824625.10371512,164645974.93358493,72178650.17013025,9762658741.217337,486770755.3494536,191816898.09251112,294953857.25694084,21427581851.60048,539605147.9695027,119371871.08451962,420233276.88497925,2530036725.5687804,194772607.7833915,134520580.29058278,60252027.49280882,1457973136.2060628,610355324.4011984,37787967506.80255,0.7083518569481373,610355324.4011984,847617811.8048644
2025,4140394315.7227273,240603645.3687939,167899518.06202567,72704127.30676842,10061081797.942675,497657377.8128966,199234321.0875584,298423056.725338,21851009143.62453,546013708.4133415,122586416.38929422,423427292.02405167,2590863207.105484,198942978.8250297,138116497.2883258,60826481.53670359,1483217710.4200616,627836752.827204,38643348464.39542,0.7132220552358922,627836752.827204,855380957.5928576
2026,4213600119.073721,244393422.32488006,171187618.97388658,73205803.35099363,10362669937.557251,508438725.5209669,206850585.90639475,301588139.61457634,22277450505.887695,552312203.6785492,125870841.41537885,426441362.2631645,2652227001.2846026,203126991.20822242,141763197.02910402,61363794.17911863,1508271342.7326183,645672243.3247643,39505947563.80327,0.7185785002879523,645672243.3247643,862599099.4078541
2027,4287283061.530416,248192422.5941719,174509480.13747662,73682942.45669508,10667104859.69145,519099200.9132154,214664278.7790144,304434922.13419914,22706720354.206516,558495651.8746717,129225803.55585429,429269848.31882095,2714089510.2237067,207321514.8992095,145459005.96010536,61862508.93910408,1533108790.2812686,663858568.4324508,40375197785.65209,0.7244284398454157,663858568.4324508,869250221.8488178
2028,4361417899.032067,251999097.22660783,177864259.7249566,74134837.50165129,10974055310.348684,529623867.9049541,222673417.2477188,306950450.6572342,23138627756.330315,564559323.3060524,132651921.18225378,431907402.1237984,2776410766.515772,211523387.02336118,149202130.73129603,62321256.29206514,1557705675.4609756,682391728.8862252,41250511732.22684,0.7307684566618438,682391728.8862252,875313946.5747504
2029,4435978711.275709,255811884.2368955,181251071.99325383,74560812.24364185,11283178434.530527,539998551.5059813,230875427.3241394,309123124.1818428,23572976744.091408,570498758.8760093,136149771.11491767,434348987.76109314,2839149527.9629016,215729421.5093616,152990660.06223175,62738761.44712973,1582038616.1282475,701266930.4945426,42131283417.86054,0.7375826658156476,701266930.4945426,880771685.6337049
2030,4510938934.686808,259629211.18952763,184668987.77842894,74960223.41109848,11594121240.60824,550209929.0694386,239267122.99172452,310942806.077713,24009566645.540123,576309787.5037825,139719886.05506787,436589901.4487152,2902263379.6713247,219936418.89315724,156822567.18473426,63113851.70842314,1606085346.655906,720478564.0099555,43016890200.5065,0.744841342134509,720478564.0099555,885606782.6459504
2031,4586271397.404327,263449497.822661,188117035.1051416,75332462.71751976,11906522163.912529,560245611.7211156,247844688.4168263,312400923.30428886,24448192435.9822,581988542.42582,143362751.98373595,438625790.44207764,2965708843.0203795,224141176.21662444,160695712.86756957,63445463.34905481,1629824828.1862211,740020188.3732734,43906694840.319435,0.7525002041535555,740020188.3732734,889804639.8129478
2032,4661948356.193466,267271158.70153758,191594199.91239828,75676958.7891388,12220012715.36964,570094214.6881049,256603663.23099425,313490551.45711136,24888645106.708805,587531476.259752,147078805.53315085,440452670.72660446,3029441490.9504256,228340496.95474055,164607849.02469417,63732647.93004608,1653237346.604135,759884517.7012377,44800047669.222336,0.7605005555986474,759884517.7012377,893352828.9028974
2033,4737941535.189054,271092605.8918432,195099426.89625537,75993178.99558735,12534219199.578178,579745415.4497169,265538931.2411772,314206484.20853806,25330712050.08768,592935374.7154628,150868431.3365894,442066943.37887573,3093416068.951184,232531200.9046072,168556622.90384907,63974578.00075817,1676304596.9616303,780063412.377871,45696288853.8061,0.7687704205368655,780063412.377871,896241184.5837593
2034,4814222166.362739,274912251.6433197,198631620.46963507,76280631.17368507,12848764485.534143,589189998.8686475,274644712.91268396,314545285.95596504,25774177459.570423,598197368.8458982,154731959.36315638,443465409.4827423,3157586621.07388,236710133.97001362,172539581.84731734,64170552.1226964,1699009753.327879,800547874.5927927,46594750732.54118,0.7772267065828895,800547874.5927927,898461878.7350862
2035,4890761031.597678,278728511.0738126,202189645.83887357,76538865.23493958,13163269812.302042,598419888.7196261,283914561.95172673,314505326.76789856,26218822743.065735,603314945.7396995,158669662.24438184,444645283.49531174,3221906620.238723,240874177.7764227,176554178.61158004,64319999.164842606,1721337523.309561,821328048.6465622,47494760207.20418,0.7857783043555499,821328048.6465622,900009474.6629988
2036,4967528506.245529,282539804.8439066,205772330.1960554,76767474.64785099,13477356611.3218,607428165.3094649,293341366.2897085,314086799.0197582,26664426948.033485,608285957.5677105,162681752.59996364,445604204.96775055,3286329102.064378,245020259.05314046,180597777.22748512,64422481.82565498,1743274186.7742226,842393226.3132126,48395641167.66519,0.7943299021282103,842393226.3132126,900880960.46101
2037,5044494604.032277,286344561.81238914,209378464.02564126,76966097.78674793,13790648326.750277,616209069.1685585,302917353.7400816,313291715.42847633,27110767196.570343,613108628.9072562,166768380.37039998,446340248.5368576,3350806801.4089947,249145358.7220362,184667659.3774202,64477699.34461689,1764807618.61024,863731857.513543,49296716928.761894,0.8027861881742343,863731857.513543,901075761.096697
2038,5121629023.171813,290141221.66284823,213006802.52331236,77134419.1395359,14102772215.27074,624757991.0809232,312634102.5604571,312123888.52046394,27557619128.68544,617781562.2797705,170929630.16467458,446851932.11509705,3415292290.783603,253246520.63557583,188761031.2609671,64485489.37460852,1785927295.6591177,885331566.5094112,50197312657.91159,0.8110560531124524,885331566.5094112,900595729.1497065
2039,5198901193.539304,293928237.4918925,216656067.1244008,77272170.36749077,14413361107.162186,633071448.999246,322482557.10780084,310588891.89144516,28004757351.905,622303741.8511449,175165518.63158485,447138223.2195587,3479738119.7786813,257320859.91072106,192875030.91564274,64445828.99507809,1806624288.2530043,907179173.7794292,51096757772.38517,0.8190564045575442,907179173.7794292,899445114.4735751
2040,5276280324.750296,297704078.3496862,220324947.13869536,77379131.21099186,14722055111.093842,641147052.6549612,332453048.72330713,308694003.9316559,28451955895.29845,626674535.2570813,179475991.86363512,447198543.3934517,3544096954.6339264,261365570.80994457,197006735.9546995,64358834.85524511,1826891237.0716734,929260723.6803372,51994388285.77652,0.8267152665765907,929260723.6803372,897630513.3913362
2041,5353735454.9863,301467231.7238756,224012101.4878705,77455130.23600483,15028503246.080484,648983456.9128708,342535321.9262269,306448134.98664284,28898988665.986286,630893693.5307152,183860922.84287524,447032770.6878357,3608321717.079664,265377934.1253601,201153171.67962176,64224762.44573784,1846722316.2928216,951561517.9365945,52889549084.13274,0.8339739428954522,951561517.9365945,895160798.3562272
2042,5431235500.403268,305216205.9581937,227716160.5412253,77500045.41696739,15332364985.275925,656580305.128677,352718565.93323714,303861739.1954403,29345629906.171463,634961349.1235069,188320108.93832925,446641240.18517685,3672365721.586171,269355324.0275019,205311319.5209953,64044004.50650692,1866113184.2378795,974066154.933787,53781596113.43683,0.8407881520492559,974066154.933787,892047029.3040925
2043,5508749304.955936,308949532.5975735,231435728.04490584,77513804.55266857,15633311697.763233,663938163.9398649,362991451.4525556,300946712.4873085,29791654648.732517,638878012.0261161,192853269.465061,446024742.5610542,3736182810.1741576,273295214.3458757,209478125.75788918,63817088.58798647,1885060922.9094303,996758574.7204117,54669898461.62585,0.847128168865684,996758574.7204117,888302348.1890186
2044,5586245690.468656,312665768.6519728,235169383.1392542,77496385.51271915,15931027976.18322,671058451.0509237,373342172.6309388,297716278.4199867,30236839169.426872,642644564.0095301,197460043.3151703,445184520.694355,3799727483.965586,277195184.25428075,213650510.46285215,63544673.791428566,1903563967.9667075,1019622109.5482155,55553840320.044334,0.8529781084231474,1019622109.5482155,883941858.418492
2045,5663693506.781813,316363498.7716177,238915682.45846024,77447816.31315708,16225212839.885717,677943357.6605073,383758493.9580077,294184863.7024975,30680961433.77804,646262251.0224901,202139986.67133075,444122264.3511696,3862955030.6884375,281052923.3399761,217825376.61712533,63227546.72285128,1921622030.7945912,1042639539.7049239,56432822811.13401,0.8583345534752076,1042639539.7049239,878982491.0896673
2046,5741061681.802553,320041337.3269565,242673162.3062154,77368175.02074051,16515580805.246847,684595767.2184265,394227801.85729957,290367965.36112976,31123801536.759148,649732673.7947937,206892570.81368035,442840102.9811058,3925821647.391392,284866236.041707,221999619.3387514,62866616.70295477,1939236014.3818836,1065793154.3159467,57306265671.19994,0.8632047517629625,1065793154.3159467,873442860.0659369
2047,5818319271.289051,323697930.38713944,246440340.90064204,77257589.48649788,16801862816.82396,691019172.1955588,404737160.618445,286282011.5771122,31565142133.437767,653057776.709729,211717180.03111064,441340596.6786194,3988284557.6740713,288633045.44765115,226170135.16497242,62462910.28267908,1956407924.7400782,1089064816.7151701,58173608779.22485,0.8676046011930048,1089064816.7151701,867343108.0249081
2048,5895435508.199133,327331957.59145695,250215720.68137443,77116236.91008186,17083807035.072752,697217590.500121,415273372.2513294,281944218.24879265,32004768858.812943,656239835.0233068,216613109.64813712,439626725.3751755,4050302122.794629,292351396.4501921,230333831.3296341,62017565.120557785,1973140779.5650768,1112436033.910475,59034313524.879456,0.8715566087110997,1112436033.910475,860704745.6546018
2049,5972379851.436633,330942133.9088043,253997790.67130405,76944343.23750019,17361179478.38464,703195483.0845928,425823039.77270204,277372443.31188774,32442470735.15267,659281440.5184112,221579564.17867798,437701876.3397293,4111833946.078272,296019458.25996554,234487634.9763229,61531823.28364277,1989438515.7717738,1135888029.599007,59887864011.052216,0.8750879641334439,1135888029.599007,853550486.1727669
2050,6049122033.832325,334527211.28086984,257785028.8851791,76742182.39569187,17633764519.17516,708957674.1603408,436372633.36982393,272585040.7905197,32878040565.22996,662185485.6954072,226615655.61811647,435569830.0772896,4172840970.116745,299635526.2870728,238628502.2486002,61007024.03847313,2005305897.4236903,1159401820.1217196,60733768088.35419,0.8782288229963507,1159401820.1217196,845904077.3019707
2051,6125632109.20073,338085980.1453728,261575904.77696618,76510075.36840534,17901365235.629593,714509275.2806562,446908558.8262194,267600716.45443344,33311275309.955025,664955146.610141,231720401.88507533,433234744.7250633,4233285566.3190436,303198023.4022923,242753427.1999938,60444596.20229864,2020748425.4384623,1182958292.6882546,61571558221.10439,0.881010849601475,1182958292.6882546,837790132.7502077
2052,6201880498.319449,341617270.8363697,265368881.71765104,76248389.1187191,18163803622.45714,719855614.3702713,457417227.5427269,262438386.82754898,33741976449.010605,667593864.4798442,236892725.4242685,430701139.05558014,4293131616.4464116,306705500.595693,246859450.46832505,59846050.12736797,2035772250.2821784,1206538285.1529715,62400792186.23361,0.8834660367480005,1206538285.1529715,829233965.1292069
2053,6277838033.683804,345119954.8593162,269162419.4949616,75957535.36435413,18420920665.593178,725002170.580417,467885127.44437844,257117043.13603592,34169950323.214836,670105326.1859949,242131451.98176172,427973874.20423126,4352344585.839286,310156637.0543296,250943667.66145504,59212969.39287424,2050384088.6800578,1230122666.5825567,63221053608.33111,0.8856257934545216,1230122666.5825567,820261422.097501
2054,6353476002.896559,348592946.03911585,272954976.82636124,75637969.2127552,18672576287.19918,729954515.6374582,478298894.03145593,251655621.6060028,34595008457.46052,672493443.809463,247435309.56378105,425058134.24568176,4410891588.118957,313550239.6842745,255003237.40460372,58547002.279670715,2064591145.1703115,1253692417.826202,64031952335.67522,0.8875202757916181,1253692417.826202,810898727.3441095
2055,6428766190.560217,352035201.54022783,276745013.8765688,75290187.66365814,18918649168.526264,734718262.13951,488645380.81242955,246072881.3270836,35016967863.210175,674762333.33971,252802927.5900551,421959405.7496567,4468741441.221574,316885242.1055648,259035389.002948,57849853.102617264,2078401039.1250126,1277228711.2820015,64833124663.51823,0.8891779272862584,1277228711.2820015,801172327.8430111
2056,6503680918.54766,355445722.7582673,280530994.77082545,74914727.98744297,19159036459.2217,739299019.043748,498911728.34830993,240387290.69543457,35435651319.66063,676916292.7028443,258232836.25238386,418683456.4504547,4525864714.695648,320160703.15130454,263037429.67723,57123273.47407436,2091821737.656164,1300712989.0487492,65624233412.12564,0.8906251923710963,1300712989.0487492,791108748.6074147
2057,6578193084.535989,358823556.08347833,284311390.09514904,74512165.98832893,19393653382.464508,743702354.3856566,509085431.1428473,234616923.2428093,35850887632.82922,678959779.2574247,263723466.08883315,415236313.16859436,4582233768.26561,323375804.9044468,267006751.33448467,56369053.56996155,2104861494.6310065,1324127038.661314,66404967868.09533,0.8918863672369441,1324127038.661314,780734455.9696925
2058,6652276198.697775,362167793.53666544,288084679.37487954,74083114.16178608,19622432745.917385,747933765.0841744,519154401.631303,228779363.45287704,36262511871.953064,680897386.9073708,269273147.7835282,411624239.12384033,4637822781.732342,326529850.30744565,270940836.8407138,55589013.466732025,2117528795.8356562,1347453065.6304245,67175043598.30057,0.8929835556819326,1347453065.6304245,770075730.2052317
2059,6725904418.453917,365477573.27908134,291849353.5229397,73628219.75614166,19845324368.884,751998653.5188632,529107030.552243,222891622.96661377,36670365582.73319,682733822.9817291,274880112.2016044,407853710.7801285,4692607776.346394,329622260.38132477,274837265.7672724,54784994.61405182,2129832310.1609983,1370673762.0440595,67934202146.417496,0.8939367019689892,1370673762.0440595,759158548.1169388
2060,6799052581.202592,368752079.99809337,295603917.24941903,73148162.74867535,20062294436.273235,755902310.4208901,538932243.0316547,216970067.38923645,37074296977.09519,684473885.0303323,280542490.66832906,403931394.3619995,4746566627.849952,332652571.0914069,278693719.58784926,53958851.50355816,2141780846.5407226,1393772370.537252,68682210622.42097,0.8947636774855309,1393772370.537252,748008476.0034707
2061,6871696234.94931,371990545.1710172,299346891.4242984,72643653.7467184,20273324790.008404,759649903.5011675,548619549.7660009,211030353.73516846,37474161099.27508,686122437.6806896,286258315.500811,399864122.17988586,4799679071.4392395,335620429.8974215,282507986.3081334,53112443.58928776,2153383316.2502956,1416732742.9992435,69418861195.67203,0.8954804026222061,1416732742.9992435,736650573.2510521
2062,6943811666.773876,375192247.20997554,303076815.38540906,72115431.82456589,20478412168.39597,763246471.1472479,558159092.7596788,205087378.3875656,37869819968.17421,687684389.6992211,292025520.80009055,395658868.8991318,4851926698.949356,338525592.0255998,286277964.51548433,52247627.51011658,2164648700.0820446,1439539393.4606628,70143970502.29341,0.8961009894547022,1439539393.4606628,725109306.6213818
2063,7015375929.080948,378356511.4911186,306792249.18404615,71564262.30707169,20677567403.702732,766696920.4582444,567541685.1514817,199155235.3067627,38261142696.05717,689164671.3936177,297841943.51065165,391322727.88295746,4903292948.608299,341367916.50004184,290001666.8410984,51366249.658943176,2175586019.843023,1462177544.6872778,70857378977.44916,0.8966378943886064,1462177544.6872778,713408475.155745
2064,7086366863.591795,381482710.271849,310491775.76100206,70990934.51084709,20870814587.801643,770006028.8514118,576758844.7525038,193247184.0989113,38648005583.79211,690568212.4885408,303705324.75360435,386862887.7349396,4953763087.745891,344147361.9698193,293677222.83222693,50470139.13759136,2186204313.581621,1484633168.099337,71558950122.93144,0.8971020728821613,1484633168.099337,701571145.4822841
2065,7156763123.045744,384570262.50014585,314174003.0461975,70396259.45394897,21058190215.2543,773178448.4653496,585802821.0126892,187375627.4526558,39030292192.95221,691899920.5990834,309613311.43897957,382286609.16010284,5003324188.876394,346863982.36738294,297302881.23687977,49561101.130503654,2196512613.9319615,1506893016.7347462,72248569720.12865,0.8975031307286409,1506893016.7347462,689619597.1972153
2066,7226544190.590578,387618633.52035457,317837565.97552055,69781067.54483414,21239742312.6221,776218712.6008378,594666615.2330396,181552097.36780167,39407893395.20968,693164660.4190525,315563458.1615843,377601202.2574692,5051965099.600731,349517922.43243176,300877011.7080947,48640910.724336624,2206519928.9726768,1528944651.0782394,72926144998.02309,0.8978494682250674,1528944651.0782394,677575277.8944373
2067,7295690396.851722,390627334.6800904,321481128.418947,69146206.26114368,21415529562.15709,779131243.4779992,603343993.9430093,175787249.5349884,39780707399.55897,694367233.7332592,321553229.3839741,372814004.34928894,5099676406.795507,352109413.1339881,304398105.93921244,47711307.194776535,2216235225.0253367,1550776457.6851425,73591603765.36328,0.898148414956074,1550776457.6851425,665458767.3401942
2068,7364182934.680417,393595922.84322506,325103385.014529,68492537.8286953,21585620427.33609,781920360.6449169,611829495.465915,170090865.17900085,40148639758.00281,695512360.352844,327580001.90899783,367932358.44384,5146450395.571607,354638767.0217392,307864778.2456397,46773988.776099205,2225667410.8627253,1572377660.6350813,74244893515.59093,0.8984063539605077,1572377660.6350813,653289750.227644
2069,7432003871.591027,396523999.81394786,328703062.90333766,67820936.9106102,21750092286.984238,784590289.4448944,620118429.7967535,164471859.64814758,40511603350.4238,696604660.0642953,333641067.6433135,362963592.42099,5192281003.495194,357106373.53583336,311275765.6122461,45830607.9235878,2234825322.8589706,1593738325.9556508,74885980512.49425,0.8986288347972249,1593738325.9556508,641086996.9033198
2070,7499136159.9073515,399411211.67732835,332278923.36100435,67132288.31632423,21909030584.00256,787145169.0329801,628206872.0146562,158938297.018322,40869518349.44392,697648635.6722608,339733636.6521383,357914999.0201187,5237163770.568795,359512694.3024425,314629927.2288412,44882767.07360077,2243717710.685012,1614849359.25664,75514848863.92262,0.8988206755493897,1614849359.25664,628868351.4283719
2071,7565563644.646925,402257248.0616215,335829763.322048,66427484.73957348,22062527993.98161,789589059.5231864,636091649.5441338,153497409.97904968,41222312166.14567,698648657.2060591,345854840.5043034,352793816.7017517,5281095785.470119,361858258.44037986,317926243.5390557,43932014.90132427,2252353223.231247,1635702496.9095411,76131499590.24432,0.8989860541569905,1635702496.9095411,616650726.3217058
2072,7631271069.181117,405061841.3279404,339354416.7937489,65707424.534192085,22210683618.26236,791925947.9440411,643770323.663295,148155624.28075027,41569919377.590065,699608947.3498366,352001735.9054412,347607211.444397,5324075628.541666,364143657.9019615,321163814.8304152,42979843.071546555,2260740394.5237794,1656290291.1929004,76735949693.57521,0.8991285896887645,1656290291.1929004,604450103.330879
2073,7696244078.716981,407824765.69276106,342851756.1568963,64973009.53586388,22353602205.305813,794159752.775259,651241165.7317992,142918587.04345322,41912281637.11952,700533568.1453663,358171308.6159144,342362259.5294571,5366103312.015532,366369542.86930925,324341859.39544296,42027683.47386551,2268887629.4826956,1676606089.9000528,77328231233.15785,0.8992514142917929,1676606089.9000528,592281539.5826428
2074,7760469221.65452,410545836.28884614,346320693.35130703,64225142.9375391,22491393403.563175,796294326.9320656,658503128.674709,137791198.25736237,42249347568.477394,701426409.0066578,364360477.64877623,337065931.357872,5407180217.945377,368536617.2251043,327459711.29525834,41076905.92984581,2276803189.452674,1696644010.9700506,77908390411.64047,0.8993572366165756,1696644010.9700506,580159178.4826233
2075,7823933948.880104,413224908.170175,349760180.944591,63464727.22558403,22624171048.40527,798333459.1518706,665555814.3097774,132777644.84209442,42581072644.8101,702291176.0744216,370566099.7417264,331725076.33270264,5447309034.301928,370645634.11489457,330516817.7583438,40128816.35655022,2284495177.5113616,1716398912.7544384,78476486676.3974,0.8994483975279166,1716398912.7544384,568096264.7569232
2076,7886626611.063228,415861875.26631564,353169213.0831923,62692662.18312359,22752052485.078316,800280873.8169795,672399437.1439319,127881436.67304611,42907419053.64426,703131382.9298884,376784974.0957285,326346408.83415985,5486493689.669853,372697391.6159171,333512736.2479917,39184655.367925644,2291971523.629101,1735866360.5708442,79032591839.45566,0.8995269188928526,1735866360.5708442,556105163.0582566
2077,7948536454.02973,418456669.2917934,356546826.3252909,61909842.96650219,22875157929.107105,802140229.3183289,679034785.2895336,123105444.02878952,43228355548.94822,703950342.6755708,383013847.3716087,320936495.3039627,5524739286.963031,374692728.52554834,336447131.23237085,38245597.293177605,2299239969.8112416,1755042590.2188041,79576789219.04808,0.899594546197531,1755042590.2188041,544197379.5924375
2078,8009653612.289752,421009258.6157119,359892100.3556905,61117158.26002216,22993609865.06784,803915115.122885,685463179.1621499,118451935.96073532,43543857291.39708,704751161.3834194,389249418.9345601,315501742.44886017,5562052036.552392,376632520.28062177,339319770.6912607,37312749.58936119,2306308055.4026384,1773924469.143661,80109172805.30707,0.8996527856936197,1773924469.143661,532383586.2589774
2079,8069969100.803336,423519647.0969133,363204158.58332926,60315488.51358414,23107532484.20281,805609047.7543108,691686428.6193479,113922619.1349678,43853905677.96199,705536732.900156,395488346.3352394,310048386.5649109,5598439189.176163,378517675.01702607,342130522.39325595,36387152.623770714,2313183102.7684064,1792509455.9311726,80629846452.1443,0.8997029367174111,1792509455.9311726,520673646.8372338
2080,8129474805.070543,425987872.8897693,366482168.6225618,59505704.267207146,23217051160.947884,807225465.93007,697706789.1849927,109518676.74507523,44158488161.939156,706309734.9918838,401727251.0147141,304582483.9771652,5633908968.976806,380349129.77735764,344879349.97671497,35469779.80064297,2319872203.589081,1810795558.7989836,81138923096.93439,0.8997461197653134,1810795558.7989836,509076644.79009724
2081,8188163469.636268,428414007.2255491,369725342.65982497,58688664.56572437,23322291968.090405,808767725.1190627,703526917.9765401,105240807.1425209,44457598064.52195,707072626.8020643,407962724.21927744,299109902.5827942,5668470506.982703,382127846.8728235,347566308.8669251,34561538.00589752,2326382206.0195,1828781293.7225676,81636524009.23132,0.8997833008506837,1828781293.7225676,497600912.2969322
2082,8246028685.10263,430798153.1741172,372932937.7077555,57865215.466362,23423381229.968105,810239091.792756,709149829.9150586,101089261.8777008,44751234379.00131,707827647.5892195,414191333.1098652,293636314.4793625,5702133775.325857,383854810.4040735,350191542.0609194,33663268.34315395,2332719702.960166,1846465642.7935987,82122778069.3979,0.8998153126107029,1846465642.7935987,486254060.1665673
2083,8303064873.7439575,433140444.39058,376104255.7492515,57036188.64132786,23520445112.857246,811642737.6397163,714578854.7505711,97063882.88914108,45039401568.65575,708576816.7039948,420409627.0495589,288167189.6544342,5734909522.460047,385531022.9443224,352755275.81013393,32775747.134189606,2338891021.6786137,1863848013.3595154,82597821077.71701,0.8998428725792967,1863848013.3595154,475043008.31909823
2084,8359267273.820836,435441043.85123336,379238643.7743548,56202400.07687855,23613609251.477577,812981734.000672,719817595.3803473,93164138.62033081,45322109359.36363,709321934.7593703,426614144.05147946,282707790.70788574,5766809209.617206,387157502.3868403,355257815.2296802,31899687.15715885,2344902214.998116,1880928198.4358616,83061795094.27925,0.8998665989935645,1880928198.4358616,463974016.5622544
2085,8414631922.690682,437700142.5830486,382335493.7132023,55364648.869846344,23702998410.360325,814259046.7594866,724869887.8767345,89389158.88274765,45599372527.937,710064585.941596,432801417.3682386,277263168.57336426,5797844948.713463,388735278.95771,357699539.8614539,31035739.09625721,2350759054.2418413,1897706338.8196292,83514847809.70148,0.8998870244569845,1897706338.8196292,453052715.4222121
2086,8469155638.812681,439917958.390608,385394242.26860857,54523716.12199879,23788736178.679977,815477531.8954347,729739763.5757867,85737768.31965256,45871210687.13888,710806141.404951,438967982.2030604,271838159.2018814,5828029441.8907,390265392.39385784,360080899.21661997,30184493.17723751,2356467024.0848517,1914182887.2640755,83957131946.52223,0.899904607742857,1914182887.2640755,442284136.8207762
2087,8522836002.744802,442094734.5842755,388414370.65215516,53680363.93212128,23870944697.03832,816639931.8684347,734431413.5100912,82208518.35834122,46137648068.30591,711547763.6886783,445110382.5216469,266437381.16703033,5857375922.8545885,391748889.28515637,362402408.32126814,29346480.96388817,2362031319.4265447,1930358575.0051613,84388804690.9436,0.8999197439858309,1930358575.0051613,431672744.4213834
2088,8575671337.230048,444230738.7131517,391395404.2279062,52835334.485245705,23949744414.606644,817748872.9690502,738949155.400724,78799717.56832504,46398713302.45408,712290412.0911772,451225177.94300205,261065234.14817047,5885898100.146286,393186820.57891476,364664643.28721654,28522177.291697502,2367456844.352294,1946234380.8588486,84810027154.43706,0.8999327734777312,1946234380.8588486,421222463.4934454
2089,8627660686.467981,446326261.30604494,394336912.06811076,51989349.23793316,24025253874.97604,818806863.7250988,743297403.3556988,75509460.36939621,46654439200.700455,713034848.932892,457308950.68651724,255725898.24637604,5913610102.462184,394580239.24399954,366868236.92810214,27712002.31589794,2372748213.208035,1961811503.0384288,85220963864.60666,0.8999439892559196,1961811503.0384288,410936710.1696062
2090,8678803794.666157,448381614.6236123,397238506.4254371,51143108.19817543,24097589529.03343,819816294.4147708,747480640.3573847,72335654.0573883,46904862534.78585,713781646.637367,463358312.55197483,250423334.0853958,5940526426.114649,395930198.09149665,369013874.4390311,26916323.652464867,2377909753.7672467,1977091333.7738276,85621782284.6001,0.8999536436478033,1977091333.7738276,400818419.9934192
2091,8729101083.964197,450397131.42449117,400099842.1264504,50297289.29804039,24166865573.16933,820779437.6963289,751503393.5604287,69276044.1359024,47150023818.43484,714531195.5573823,469369911.9083928,245161283.64898682,5966661884.706394,397237747.74797994,371102289.1562348,26135458.591745377,2382945512.4261823,1992075436.7515068,86012652360.27475,0.8999619539134904,1992075436.7515068,390870075.67467546
2092,8778553631.821049,452373163.7480237,402920615.891173,49452547.85685158,24233193811.129475,821698450.3261262,755370212.3659779,66328237.96014404,47389967090.24001,715283712.4723585,475340440.6671784,239943271.80517578,5992031561.072319,398503934.7772642,373134258.41134036,25369676.365924835,2387859261.3237724,2006765527.3356695,86393746094.26285,0.8999691071096947,2006765527.3356695,381093733.9881029
2093,8827163147.953426,454310081.7160321,405700565.58365375,48609516.132377625,24296683537.843784,822575375.9028145,759085649.1885033,63489726.71430969,47624739698.707184,716039249.6817812,481266641.21461785,234772608.46717072,6016650761.525134,399729799.945934,375110599.4931177,24619200.452815056,2392654507.2465615,2021163455.4798927,86765237146.02953,0.8999752642814932,2021163455.4798927,371491051.7666688
2094,8874931950.91064,456208272.3557641,408439469.39854926,47768802.957214355,24357441443.600487,823412148.545619,762654242.7889206,60757905.75670242,47854392090.04837,716797704.6195716,487145313.27838695,229652391.34118652,6040534972.424962,400916376.62765175,377032165.72782487,23884210.899827957,2397334502.1486063,2035271191.193682,87127300456.98445,0.8999805640741765,2035271191.193682,362063310.95492435
2095,8921862944.367992,458068138.44610095,411137144.9887494,46930993.457351685,24415571536.977894,824210597.3900001,766080504.0125939,58130093.377407074,48078977599.259476,717558829.9137917,492973320.7026857,224585509.21110535,6063699819.078458,402064689.34114504,378899842.6876489,23164846.65349579,2401902255.0910378,2049090812.3916779,87480111899.68382,0.8999851258449385,2049090812.3916779,352811442.6993599
2096,8967959593.217571,459890097.3886607,413793448.5390834,46096648.84957886,24471175084.999664,824972451.7651751,769368903.7434042,55603548.02177048,48298552244.97057,718322243.8175344,498747598.10644656,219574645.71109772,6086161026.959624,403175752.41632456,380714544.53515816,22461207.881166458,2406360545.387695,2062624494.9240923,87823847950.14743,0.8999890523433155,2062624494.9240923,343736050.46360254
2097,9013225899.531939,461674580.1054985,416408273.79113066,45266306.314367294,24524350569.039467,825699346.9051675,772523862.8653669,53175484.03980255,48513174528.50836,719087440.9370222,504465157.399224,214622283.5377884,6107934385.2325325,404250568.7831178,382477210.51020855,21773358.27290821,2410711936.730806,2075874504.5659301,88158685382.3123,0.8999924320198754,2075874504.5659301,334837432.16487575
2098,9057666378.4725,463422029.964668,418981551.0241064,44440478.940561295,24575193655.066128,826392830.0378385,775549744.0111781,50843086.02666092,48722905237.563416,719853803.1846169,510123094.1295646,209730709.0550537,6129035712.545468,405290128.87728167,384188801.5643457,21101327.31293583,2414958792.064405,2088843190.7291946,88484800983.64752,0.8999953410145252,2088843190.7291946,326115601.3352103
2099,9101286034.210747,465132901.7349819,421513245.9967364,43619655.73824692,24623797176.889072,827054366.6949816,778450844.8720384,48603521.82294464,48927807254.809166,720620610.8867129,515718593.64096177,204902017.24575043,6149480825.056638,406295409.6576214,385850297.14645314,20445112.511169434,2419103288.974298,2101532981.6561897,88802371290.96562,0.8999978448687482,2101532981.6561897,317570307.3181083
2100,9144090335.926664,466807660.57085454,424003358.8549347,42804301.71591759,24670251131.13523,827685347.0908768,781231392.8447238,46453954.2461586,49127945371.77538,721387053.9772828,521248937.0110696,200138116.96621704,6169285506.643298,407267373.72885627,387462692.1421957,19804681.586660385,2423147435.3678703,2113946380.8529236,89111572345.48058,0.9,2113946380.8529236,309201054.5149467
