year,steel_stock,stock_vehicles,stock_machinery,stock_BC,stock_appliances,population,stock_per_capita
1700,4599.8179199999995,824.979726826206,630.2543244370132,2781.9570415239878,362.6268272127925,595456896.0,7.724854562772583e-06
1710,96661.12302,17336.222487640098,13244.239630314136,58460.377454920104,7620.283447125667,617975872.0,0.0001564156909673004
1720,273965.55415,49135.86406099683,37538.002210709295,165693.60260734276,21598.085270951113,648184768.0,0.00042266583183577677
1730,450249.70865,80752.51849222239,61691.96931020431,272309.76730117865,35495.45354639466,670899968.0,0.0006711130274640288
1740,626533.86315,112369.17292344794,85845.93640969932,378925.93199501454,49392.8218218382,702227776.0,0.0008922088880033136
1750,802818.01765,143985.8273546735,109999.90350919434,485542.0966888505,63290.19009728175,753279296.0,0.0010657640823437686
1760,1105102.17215,198200.64705851531,151418.04198681723,668362.7097605087,87120.77334415875,788254976.0,0.0014019602867055038
1770,1801386.32665,323079.5708687921,246820.97032937963,1089473.423315199,142012.3621366292,827951488.0,0.0021757148247917636
1780,2937692.47595,526876.6673939633,402514.49492886977,1776708.2113765802,231593.10225058673,900945152.0,0.0032606784879508403
1790,4777772.27395,856895.9323940137,654637.1376439723,2889583.3381842384,376655.8657277759,942261696.0,0.005070536448878423
1800,7717308.051950001,1384103.1969655426,1057404.1967196108,4667406.373496644,608394.2847682035,983104755.0,0.007849934620599004
1801,8132375.74795,1458545.8032634158,1114275.623999521,4918438.157727864,641116.1629592001,986464967.0,0.008243957991414407
1802,8570309.98195,1537089.5349972937,1174280.1610481332,5183299.560328929,675640.7255756449,989864750.0,0.0086580616007894
1803,9021110.753950002,1617940.88698681,1236047.6355338504,5455942.609206362,711179.6222229796,993304404.0,0.00908191961862076
1804,9498778.06395,1703610.7664844766,1301496.2887209086,5744834.465291031,748836.5434535854,996784263.0,0.00952942217944105
1805,9985311.911950001,1790870.864165635,1368159.8104124325,6039088.778814676,787192.4585572578,1000304675.0,0.009982270563666016
1806,10498712.29795,1882949.4893549443,1438504.5108052974,6349591.899545557,827666.3982442014,1003866016.0,0.010458280418519516
1807,11054979.221950002,1982716.2503409912,1514722.66563006,6686020.582833242,871519.7231457097,1007468698.0,0.01097302501198901
1808,11640112.683950001,2087660.239871262,1594896.0336224826,7039907.667746857,917648.7427094008,1011113144.0,0.011512176211953192
1809,12294112.683950001,2204955.4786672224,1684505.304108956,7435445.0426603155,969206.8585135078,1014799822.0,0.012114815569951885
1810,13013979.221950002,2334063.915174763,1783139.4253900005,7870818.315945576,1025957.5654396631,1020150076.0,0.012756926189701133
1811,13691979.221950002,2455663.566403603,1876037.1094723076,8280870.823883383,1079407.7221907098,1025557675.0,0.013350764716328609
1812,14384979.221950002,2579953.4754029927,1970990.0520520108,8699995.289961405,1134040.4045335937,1031616616.0,0.013944113538735403
1813,15109979.221950002,2709982.6009795545,2070327.546092826,9138473.266738558,1191195.8081390639,1038342722.0,0.014552015343109423
1814,15883979.221950002,2848799.9019399113,2176378.8845584686,9606586.306773754,1252214.1286778694,1045238421.0,0.015196512970460357
1815,16687317.78695,2992879.0897314698,2286450.1120252884,10092443.229047216,1315545.3561460269,1052307852.0,0.015857828823793666
1816,17384490.00695,3117917.2885492216,2381974.720645525,10514091.042138023,1370506.955617229,1059555372.0,0.016407344501623646
1817,18135063.401949998,3252533.015766989,2484816.210511741,10968035.736844724,1429678.4388265435,1066985519.0,0.01699654126416499
1818,18947278.67695,3398204.246095509,2596103.700222323,11459261.26855438,1493709.4620777892,1074603043.0,0.017631886304783153
1819,19810814.89195,3553079.913599156,2714423.0431348616,11981525.561557138,1561786.3736588445,1082114553.0,0.018307502507038182
1820,20716041.12795,3715432.707966111,2838454.6373751923,12529003.86291835,1633149.919690349,1089507052.0,0.01901414138616333
1821,21745780.86795,3900117.063778023,2979546.727424627,13151787.584024874,1714329.4927224757,1096534977.0,0.019831360899625915
1822,22802039.198,4089557.542453003,3124272.321310011,13790609.67438948,1797599.659847507,1103392066.0,0.02066540072257507
1823,23942867.366800003,4294165.6655180715,3280585.4405096862,14480579.367225079,1887536.8935471673,1110594705.0,0.021558600323778782
1824,25191329.2218,4518077.945961302,3451646.2295872685,15235645.61310625,1985959.4331451794,1117897019.0,0.02253457053167077
1825,26548731.3876,4761528.727581585,3637633.71863023,16056598.654944748,2092970.2864434395,1125304048.0,0.023592496121190527
1826,27939449.994599998,5010954.830190225,3828186.1342651444,16897701.3874464,2202607.642698229,1132861806.0,0.024662716887994367
1827,29506104.808099996,5291935.182576041,4042844.8421273106,17845209.846662495,2326114.936734153,1140524282.0,0.025870650256002173
1828,31101658.9117,5578098.637612183,4261463.25075926,18810196.5158832,2451900.5074453563,1148292956.0,0.027085125576351614
1829,32735170.485699996,5871069.784627925,4485282.486963159,19798139.757275727,2580678.4568331866,1155618460.0,0.028326970898076512
1830,34417105.75130001,6172725.745817375,4715736.603409474,20815369.51221426,2713273.8898589,1162497339.0,0.02960618024373818
1831,36037879.16329999,6463412.29687958,4937810.491900591,21795608.748776957,2841047.6257428643,1168886301.0,0.030830953474661343
1832,37693198.17329999,6760294.618838973,5164617.72264752,22796741.066605315,2971544.7652081847,1174792985.0,0.032084970419958704
1833,39476431.0733,7080118.363233949,5408951.360684949,23875235.348142497,3112126.0012386036,1180213555.0,0.03344854912575546
1834,41409108.20329999,7426745.007697009,5673761.433628664,25044113.082936805,3264488.679037516,1185694036.0,0.034923940701427285
1835,43626155.2033,7824373.535658582,5977535.079353779,26384976.921529714,3439269.6667579263,1191237685.0,0.03662254456238093
1836,45859040.558299996,8224842.680794252,6283478.852658793,27735419.753027275,3615299.271819676,1196838401.0,0.03831681914616307
1837,48230268.9683,8650123.724510944,6608378.0085867755,29169532.078121495,3802235.1570807896,1202503348.0,0.0401082201130803
1838,50689321.84329999,9091156.131521674,6945310.629712791,30656760.394560166,3996094.6875053644,1208233715.0,0.04195324233548638
1839,53273142.0321,9554565.620896477,7299338.522964458,32219447.63420291,4199790.254036159,1213934891.0,0.04388467818748938
1840,56069555.55189999,10056103.834317261,7682495.366217957,33910710.727160394,4420245.624204383,1219617217.0,0.04597307644591901
1841,58942626.05189999,10571390.51684804,8076155.536800842,35648335.74781987,4646744.250431239,1225283810.0,0.0481052843193121
1842,61416852.0243,11015144.226737684,8415167.13375107,37144740.71122324,4841799.952588011,1230929323.0,0.049894702219470975
1843,64135704.745799996,11502771.870804029,8787696.811019843,38789095.2498141,5056140.814162029,1236555463.0,0.05186641979665088
1844,67755400.4554,12151966.171455782,9283657.502029436,40978277.113668375,5341499.668246412,1242258939.0,0.05454209128890801
1845,71024433.1903,12738268.885938821,9731571.322474068,42955378.989002496,5599213.992884624,1248042343.0,0.05690867268138834
1846,75495709.1453,13540194.54475283,10344213.182521865,45659594.2088104,5951707.209214912,1253907423.0,0.060208359692675656
1847,79946546.7453,14338454.57400977,10954054.635717222,48351448.36855064,6302589.167022363,1259855932.0,0.06345689591538153
1848,84253384.3453,15110888.128669439,11544165.607337581,50956211.73014481,6642118.879148177,1265889730.0,0.0665566536710113
1849,88363814.8953,15848095.977165557,12107365.428393869,53442188.65600274,6966164.833737839,1271136843.0,0.0695155799958982
1850,92579955.10630001,16604262.908123504,12685049.294718634,55992098.48983458,7298544.4136232985,1275602897.0,0.07257741051234066
1851,97005955.10630001,17398068.30095366,13291487.568683665,58668930.93840793,7647468.298254762,1278768180.0,0.075858905956121
1852,101842321.55330001,18265473.12863812,13954153.117798232,61593951.868936844,8028743.437926816,1281158448.0,0.07949237013757725
1853,107162321.55330001,19219617.88459303,14683084.798208075,64811473.022667125,8448145.847831784,1282781891.0,0.083539004023327
1854,113069964.12269999,20279156.639790203,15492533.637563989,68384398.76246448,8913875.082881318,1284514999.0,0.08802541364696045
1855,119374794.26910001,21409931.192680053,16356404.019765869,72197542.44041908,9410916.616235014,1286359120.0,0.0928005192431022
1856,126327382.9438,22656881.573183153,17309028.48327104,76402448.66862074,9959024.218725082,1288315736.0,0.0980562290856005
1857,133347994.60080001,23916031.910800155,18270973.267602235,80648495.00668895,10512494.415708674,1290386388.0,0.10333958560077433
1858,140016627.6698,25112054.706321556,19184690.91967419,84681665.6769846,11038216.366819683,1292572700.0,0.10832398647271446
1859,147006605.11150002,26365710.78155486,20142438.288584962,88909184.5271288,11589271.514231402,1295121860.0,0.1135079328454081
1860,154364681.343398,27685385.56549883,21150621.535258107,93359328.49834906,12169345.744292017,1298027373.0,0.11892251623833668
1861,161636424.654069,28989576.495297123,22146975.68393413,97757258.55973639,12742613.915101368,1301279942.0,0.12421341437542038
1862,169377402.310119,30377924.848019723,23207623.02431751,102438980.24373908,13352874.1940427,1304883100.0,0.12980274042181938
1863,178074435.581956,31937742.270705555,24399266.459922858,107698921.69615103,14038505.155176556,1308825538.0,0.1360566633304461
1864,187475816.198905,33623884.75461496,25687417.619938865,113384850.45729826,14779663.36705292,1312850777.0,0.14280055241868894
1865,196813517.918686,35298606.395329274,26966843.67365425,119032266.39914393,15515801.450558545,1316952210.0,0.149446211050199
1866,206308823.86382997,37001594.43550721,28267864.222263157,124775000.93667056,16264364.269389061,1321129252.0,0.15616096877085117
1867,216163916.70706803,38769110.4422411,29618181.77617604,130735333.58612438,17041290.902526513,1325389634.0,0.16309461848942455
1868,226644692.267107,40648842.96835982,31054228.64478086,137074077.39663655,17867543.25732979,1329732282.0,0.17044385199569592
1869,238334378.857844,42745394.31409443,32655917.15794821,144143967.22486463,18789100.16093672,1334654211.0,0.17857387845745462
1870,250347442.87994802,44899943.56966607,34301913.95202778,151409434.8211496,19736150.537104595,1340168478.0,0.18680296320172665
1871,262993366.77380598,47167996.571081385,36034623.45471291,159057654.3017795,20733092.4462322,1346202715.0,0.1953594089830713
1872,277538222.32962793,49776623.949786104,38027519.31967978,167854342.3523074,21879736.70785464,1352896118.0,0.2051437790655468
1873,292327911.88975596,52429162.43399611,40053961.66250009,176799105.3253931,23045682.467866678,1360163018.0,0.21492123225023307
1874,306171767.77913296,54912065.15938043,41950808.49272477,185171830.73390138,24137063.393126413,1367501771.0,0.22389131354121877
1875,320101461.8177802,57410363.00130366,43859416.628662005,193596470.81554386,25235211.37227068,1374940414.0,0.2328111520749729
1876,333825466.0580733,59871770.271337226,45739841.71753957,201896710.28115046,26317143.788046043,1382459121.0,0.24147221497341712
1877,347921009.4604396,62399813.28255954,47671174.07441491,210421655.59514236,27428366.50832283,1390028839.0,0.25029769145706166
1878,362347366.6571266,64987187.91916691,49647833.622079134,219146676.16875318,28565668.947127417,1397666358.0,0.25925169092259615
1879,376654850.42574656,67553242.54486968,51608205.4615334,227799802.4248034,29693599.994540088,1405838237.0,0.267921899200517
1880,395067203.1816576,70855507.54991563,54131015.09210954,238935541.98910564,31145138.55052683,1414583216.0,0.27928169846294687
1881,414687270.6358576,74374376.81174015,56819302.449091576,250801704.03262132,32691887.342404556,1423919001.0,0.2912295364726702
1882,436073152.2922876,78209945.76549108,59749536.78233736,263735825.57787243,34377844.166586734,1433850986.0,0.30412724652008405
1883,457710949.18678766,82090695.84769121,62714287.84449428,276822304.7561005,36083660.73850169,1444371648.0,0.3168927815916168
1884,478000603.48128754,85729655.85619403,65494320.137694396,289093431.0520456,37683196.435353555,1455021634.0,0.3285178668905534
1885,497656598.94348764,89254968.82486542,68187530.25092556,300981322.25453717,39232777.61315954,1465857041.0,0.3394987266998349
1886,518208499.8510786,92940962.89927949,71003494.84945692,313411054.5702406,40852987.532101594,1476798447.0,0.3508999490782093
1887,540538396.0409176,96945841.34863144,74063075.442133,326916113.4708813,42613365.77927194,1487893376.0,0.36329108305736396
1888,564135556.5372967,101178004.30785069,77296293.08377329,341187610.2876234,44473648.85804932,1499115427.0,0.376312288151309
1889,589420214.9236096,105712820.88781531,80760727.01725523,356479701.11897784,46466965.899561256,1510109709.0,0.39031615478714177
1890,616391146.9462699,110550071.51801035,84456209.4987397,372791645.5397919,48593220.38972794,1520891633.0,0.4052827522828971
1891,641861249.208419,115118147.55317292,87946052.43899514,388195892.3097427,50601156.90650827,1531425085.0,0.4191267698925142
1892,668095243.3297039,119823227.98899546,91540561.72822262,404062138.7443423,52669314.86814354,1541712153.0,0.4333462910243427
1893,692590095.631776,124216392.43860298,94896778.61730914,418876557.060022,54600367.5158419,1551756342.0,0.446326576464397
1894,717603421.7116591,128702545.42884935,98324035.34889722,434004546.8696417,56572294.0642708,1561938512.0,0.4594312875945395
1895,745770020.919536,133754239.5881124,102183344.83987997,451039627.46738356,58792809.02416007,1572272041.0,0.47432632615231757
1896,775714503.260487,139124798.0083009,106286254.95863792,469149966.8225551,61153483.47099308,1582693744.0,0.49012293515484257
1897,807618358.173749,144846770.91436014,110657632.88598302,488445329.241533,63668625.13187288,1593261169.0,0.5068964046118348
1898,842036544.7766341,151019690.51146922,115373517.58468615,509261352.4497696,66381984.230709136,1603953574.0,0.5249756342240827
1899,880367881.9299538,157894435.6869541,120625571.34474735,532444038.1906669,69403836.70758547,1615300901.0,0.54501788576044
1900,912709275.61681,163694881.39871857,125056899.62425043,552004022.838896,71953471.75494502,1627273655.0,0.5608824753061034
1901,948639823.1783055,170239383.50657642,129093162.13553624,574779521.4613155,74527756.07487644,1639887187.0,0.5784787092054433
1902,987153983.1113498,177304441.62278587,133415186.16245846,599004472.7176839,77429882.6084206,1653151632.0,0.5971345664868507
1903,1027905647.6856511,184660403.435857,137940850.83069882,624810875.2796353,80493518.13945988,1667064512.0,0.6165962026583235
1904,1067633411.6885694,191582739.1612875,142300546.79776916,650428420.1183258,83321705.61118695,1681154888.0,0.635059517305207
1905,1114175915.0426795,200119995.4951082,147357673.5859633,679682489.8940079,87015756.06759901,1695427510.0,0.6571651742531177
1906,1164273245.687862,209390571.77242592,152786283.5646135,710958716.7192677,91137673.63155481,1709887300.0,0.6809064232992794
1907,1215783456.606381,218764628.19974574,158301051.09636325,743408091.0923358,95309686.21793497,1724558347.0,0.7049825010103766
1908,1257636663.115059,225155070.84488443,162693572.75985584,771800477.5156761,97987541.99464251,1739441480.0,0.7230117699130981
1909,1308443675.5771024,233845215.04196468,167958363.74970165,804857909.6322386,101782187.15319759,1753729257.0,0.7460921749206482
1910,1363657966.4528713,243427394.84036463,173684713.39637715,840501789.8038565,106044068.41227308,1767417985.0,0.771553745648272
1911,1416705981.177251,252217828.54159454,179099337.24141482,875480557.5338305,109908257.86041127,1780422213.0,0.7957134947165766
1912,1476487754.398797,262824048.1176451,185098223.32515877,913992468.1793126,114573014.77667905,1792912374.0,0.8235136171795963
1913,1541645850.6738508,274720229.6383242,191802633.0570323,955278668.4191738,119844319.55931892,1804803374.0,0.8541904746427246
1914,1591324911.9465556,281929833.16856295,196662904.54111513,989856740.5603455,122875433.6765319,1816884694.0,0.8758535515223816
1915,1638205225.8820755,288568315.5417402,201163305.29520833,1022793277.0899466,125680327.95518035,1829102909.0,0.895633164116342
1916,1695717791.5438156,297947939.0552644,206737283.5090339,1061301607.7123934,129730961.26712392,1841395693.0,0.9208872367791595
1917,1748271077.7005079,305826666.0010661,211821220.55833796,1097461346.451528,133161844.68957748,1853777065.0,0.9430859355790486
1918,1795794933.9089482,311772614.11256707,216283209.14268836,1132055270.2199202,135683840.43377444,1866778878.0,0.9619751728886597
1919,1834689825.8756618,314250571.7980262,219661144.6511472,1164457170.5091033,136320938.9173852,1880624916.0,0.9755745604912861
1920,1880955222.1063802,318444672.84750724,223750458.84203213,1200969707.9496322,137790382.4672106,1895426673.0,0.9923650695119136
1921,1908081197.5853896,316718289.574108,225248010.11233202,1230031038.6415875,136083859.25736392,1910916276.0,0.9985163774832957
1922,1947190630.4773695,318013845.3246384,228121579.43736175,1264986915.946301,136068289.76906645,1927207651.0,1.0103688772027242
1923,1998494824.6448345,321695379.89830995,232391425.5970506,1307161504.6877892,137246514.46168664,1944216846.0,1.0279176567966197
1924,2049176510.5826578,324702829.2712851,236644723.78011796,1349574442.588196,138254514.9430567,1961489200.0,1.044704457502319
1925,2105774837.1769543,329134018.99443364,241239074.60284597,1395372090.0735483,140029653.50612423,1979027667.0,1.0640451734406977
1926,2163450427.0587826,333549324.44791514,245406206.31262448,1442833748.9425094,141661147.35573354,1996813608.0,1.083451363908565
1927,2228182971.0349536,345968191.3651604,247129881.7343374,1490880137.1086547,144204760.82679886,2014848732.0,1.1058810200720088
1928,2292145697.0275292,352533035.92193824,252160891.15345344,1540104092.2006276,147347677.75151,2033160306.0,1.1273807039529766
1929,2364334440.9789567,361291011.3454279,258085848.85299975,1593253609.9882941,151703970.79223478,2052125441.0,1.1521393350236997
1930,2422567343.509632,365035818.1001345,262017011.78446084,1641806378.0795026,153708135.54553178,2071786711.0,1.1693131009322475
1931,2461543907.1384726,363060675.5756186,263395367.77837378,1682110564.5490263,152977299.2354562,2092158599.0,1.1765570298136239
1932,2488805662.8525357,357220116.68315876,263213154.29290205,1717900005.5196178,150472386.35685733,2113215566.0,1.177733924969837
1933,2521398106.619483,353529063.7740063,263678912.36135074,1755068665.0076349,149121465.4764883,2134919626.0,1.1810271805611678
1934,2565413850.624229,353351756.7522607,265624541.43800732,1796906223.8656793,149531328.56828165,2156892673.0,1.1894026451747461
1935,2617382655.9030304,356529227.05350715,268699312.8155944,1840601330.4528825,151552785.58104634,2179140887.0,1.2011075885535576
1936,2680267652.939931,363095240.9934308,273214969.5396435,1888132091.2740586,155825351.1327978,2201762907.0,1.2173280076699606
1937,2753860748.0252576,372822597.5003824,278984927.04728174,1940851034.8331945,161202188.64439633,2224730578.0,1.2378401120826674
1938,2813143637.636637,377834460.4107948,283033534.39605075,1988007541.6775467,164268101.15224501,2248127325.0,1.2513275410842832
1939,2886166806.431662,387012763.8913165,288727555.9866655,2040822243.5499284,169604243.00375432,2270675197.0,1.2710610527850241
1940,2955689493.4292245,395623812.1156876,293976958.889972,2091354030.1940367,174734692.22952822,2291979566.0,1.2895793388714811
1941,3015292691.6571937,402934925.5708098,298325648.0932324,2134605806.3570318,179426311.63611984,2312098978.0,1.3041365098761761
1942,3082015240.4946284,411625758.5764867,303303726.70515823,2182474114.784063,184611640.4289236,2331135363.0,1.322109084445573
1943,3165025945.2253494,423723994.00121737,309677327.37065786,2240383287.72423,191241336.12924448,2349014611.0,1.3473845289868014
1944,3241472019.8157225,433814012.8886243,315135097.9052339,2295791837.6676126,196731071.35425493,2366918849.0,1.3694901374355157
1945,3294180133.684226,435122488.4897887,317152608.24650294,2343954585.754437,197950451.1934974,2384671779.0,1.3813977096108478
1946,3349188687.5169463,436170269.3669679,319473869.70169806,2394658069.6868706,198886478.7614131,2402301767.0,1.3941581917493324
1947,3420382640.482996,441564141.00475067,323489237.9174828,2453825287.0883737,201503974.47239232,2421291820.0,1.4126271819986556
1948,3503210183.418182,450123691.86133176,329089518.44155365,2518457923.8624177,205539049.2528785,2441897177.0,1.4346264111423648
1949,3588798296.5527306,459242689.6903559,335140272.0480005,2584589243.077388,209826091.73699,2467923023.0,1.454177566766324
1950,3686145993.5049796,472625757.8747885,343032438.5699277,2654348794.914844,216139002.14541966,2493092852.0,1.4785434046501287
1951,3797009833.02421,489553309.41395056,352558233.2751571,2730725176.53023,224173113.8048721,2536927034.0,1.4966965080731645
1952,3910269263.7385254,506885601.4449232,362715743.3239489,2808084050.27518,232583868.69447708,2584086340.0,1.5132115375597417
1953,4035060347.9747214,527897107.2560939,374341888.8300318,2889949217.3600006,242872134.52859548,2634106241.0,1.5318517853110092
1954,4152537234.2877684,546985249.7457665,385688638.32712984,2967360282.231811,252503063.98306096,2685894857.0,1.5460535335050043
1955,4297008171.357514,574751739.7725172,400417374.9036642,3055744200.928513,266094855.7528197,2740213796.0,1.568128799887815
1956,4445266064.078286,604547365.129103,416346845.8693182,3143891591.502532,280480261.5773332,2795409991.0,1.59020182312795
1957,4605463754.775075,637121768.4848009,433935800.387719,3238601250.894557,295804935.00799775,2852618331.0,1.6144689616295798
1958,4761294865.986047,665408271.7153153,452320512.51294625,3334342241.7419868,309223840.015803,2911249671.0,1.6354814612484148
1959,4934251522.830731,698377046.2056073,475205883.7072252,3436098689.143477,324569903.77442664,2965950350.0,1.6636325428814853
1960,5137654249.458954,738709599.2298031,503553765.95294017,3552349764.9498158,343041119.3263947,3015470889.0,1.7037651625821926
1961,5335339894.654498,778607834.6922448,528382903.2899172,3668266138.0842752,360083018.588066,3064869675.0,1.740804817305812
1962,5548427543.494318,823289082.1850244,557891317.0873287,3790345059.1950946,376902085.0268706,3123374312.0,1.7764209439058478
1963,5759945058.644101,868364597.7051436,587509243.3791397,3910476263.1180162,393594954.4418014,3192807826.0,1.8040375032092837
1964,5999854932.844549,910885257.6621368,629860841.5088161,4043106343.728876,416002489.9447199,3264487343.0,1.8379164329461912
1965,6255318560.661532,964950076.2712896,666679361.1332471,4187062929.878701,436626193.378288,3334533710.0,1.875920025010493
1966,6521821410.740399,1019647145.4993376,704803469.1763617,4339960042.191383,457410753.8733174,3404041131.0,1.9159055839094676
1967,6796865236.330069,1075634595.3885164,743232156.7489841,4499618253.429968,478380230.7625998,3473412877.0,1.9568261755857101
1968,7092076008.116184,1136032206.9207642,784077309.9221373,4671007559.132872,500958932.140411,3545187246.0,2.000479950986539
1969,7411031078.554714,1201089446.4351854,829238705.631633,4855200150.477479,525502776.01041627,3619491581.0,2.0475337247523533
1970,7750958569.309682,1268156943.1319456,877634897.3851773,5054055295.2167635,551111433.5757879,3694683794.0,2.097867910075793
1971,8093126791.239659,1332160451.3674355,927054655.0357369,5258709669.819462,575202015.0170171,3769847867.0,2.1468046130148144
1972,8451531834.636303,1400336292.6352372,978927926.7105058,5471484112.57943,600783502.7111307,3844917684.0,2.1981047526208375
1973,8849479024.21007,1476553518.0459723,1037181235.7635485,5705397488.601987,630346781.7985618,3920805041.0,2.257056632928888
1974,9251998867.239954,1550839936.6274452,1096959407.7371318,5945339300.492096,658860222.383272,3996416100.0,2.315073965205964
1975,9636178074.434732,1614736906.8912983,1154612485.396709,6184022930.594222,682805751.552494,4070735279.0,2.367183669285888
1976,10035057459.30006,1681570507.0239928,1213963183.9563842,6432091373.950076,707432394.3696073,4144246382.0,2.421443257545217
1977,10427797898.70734,1744081975.339908,1273151812.0127375,6680719323.549926,729844787.8047795,4217863796.0,2.4722936545737952
1978,10832415270.455748,1807888188.8220944,1336253751.898491,6935367405.558771,752905924.176392,4292097499.0,2.5238045671095666
1979,11255724368.560947,1874153859.92336,1402226871.4874947,7202731996.403259,776611640.7468448,4368539520.0,2.5765417291133828
1980,11669338796.27265,1933679069.5392659,1466907746.3597019,7472114797.337508,796637183.0361738,4447606240.0,2.6237346938052344
1981,12071122012.618328,1988909711.780846,1528422938.3270812,7739633807.308121,814155555.2022808,4528777306.0,2.6654262722580264
1982,12437241477.408459,2030566326.0895717,1585546000.1724331,7995827715.323802,825301435.8226637,4612673415.0,2.696319543664996
1983,12802383607.435982,2070204988.2025673,1642392192.5808434,8254009452.902396,835776973.7501626,4697327573.0,2.7254611070821273
1984,13196352678.60476,2117619033.2652361,1713163762.7623422,8512758684.854955,852811197.7222252,4782175518.0,2.7594873147031067
1985,13597329933.266523,2160911470.7975883,1777864636.8618674,8792771330.765018,865782494.8420494,4868943457.0,2.7926654013034113
1986,14004938191.339098,2202923485.3798285,1844052833.5317223,9079668857.432695,878293014.9948382,4958072839.0,2.8246737484727578
1987,14425975883.228996,2245908831.409794,1911896370.7207272,9376536739.611118,891633941.4873563,5049746390.0,2.856772354310054
1988,14868270014.384848,2294503734.1041265,1980105051.7869062,9686158509.913069,907502718.5807469,5141992540.0,2.8915386202378364
1989,15326153654.83168,2344318430.0520086,2050356465.8797026,10007538704.521433,923940054.3785369,5234431736.0,2.9279498573695184
1990,15769650511.496809,2390843612.936365,2118094884.28711,10321987219.840717,938724794.4326164,5327803106.0,2.959878621215851
1991,16192751860.277163,2431127522.8881016,2184567900.5745277,10626912353.786972,950144083.0275613,5418735886.0,2.9882895570004098
1992,16613501759.568071,2466329858.501538,2252704320.71857,10934536007.7547,959931572.5932627,5505989815.0,3.0173506159251895
1993,17035160583.961916,2496534993.2081327,2327140421.614691,11242096418.929623,969388750.2094706,5591544802.0,3.0465928803554845
1994,17473661073.505165,2528216877.9041557,2404278251.7683616,11562247670.890984,978918272.9416796,5675551258.0,3.0787601554783044
1995,17928225378.66417,2563099398.022272,2482952691.6994667,11892188314.836033,989984974.1063793,5758878977.0,3.1131450149007307
1996,18378145088.391357,2590052941.220865,2563888346.9253364,12224716342.534199,999487457.7109579,5842055730.0,3.1458352911657963
1997,18851503314.73347,2620669809.9555144,2650326365.901733,12569283538.158459,1011223600.7177633,5924787819.0,3.181802267125791
1998,19327306957.598778,2649186397.0290465,2734999109.712396,12921533262.451141,1021588188.4061948,6007066691.0,3.217428397549778
1999,19795725397.12532,2731042823.846116,2807298305.4777246,13212208983.1791,1045175284.6223817,6089006328.0,3.2510600795561073
2000,20294686324.03811,2770767599.815207,2902000742.11223,13560380345.827435,1061537636.2832386,6171702992.0,3.2883446190370575
2001,20792141039.85469,2804538302.349627,2999737256.418915,13910796834.13892,1077068646.9472287,6254936464.0,3.3241170649011234
2002,21322255458.964066,2848471784.740987,3107782404.21399,14268475990.67495,1097525279.334117,6337730343.0,3.364336174781311
2003,21902083390.255558,2816107462.518816,3227723684.059447,14755369038.207111,1102883205.4701607,6420361633.0,3.411347310668779
2004,22532288764.714355,2868554261.809522,3358595650.931163,15171248461.823101,1133890390.1505697,6503377774.0,3.4647055034687817
2005,23238412369.508236,2927852742.013203,3514793573.7275724,15623598182.3262,1172167871.441237,6586970132.0,3.527936502492135
2006,24015557831.71003,3002741006.2761354,3688592382.2414107,16105042812.178286,1219181631.0141952,6671452019.0,3.5997497641165346
2007,24879738928.039604,3088374580.0425663,3887859942.050687,16628610745.02905,1274893660.9173007,6757308776.0,3.6819005543161234
2008,25723300027.012646,3169673894.530134,4081720222.779739,17144493371.455566,1327412538.2472067,6844457659.0,3.7582670985170377
